<?xml version="1.0" encoding="UTF-8" standalone="yes"?>
  <assembly xmlns="urn:schemas-microsoft-com:asm.v1" manifestVersion="1.0" xmlns:asmv3="urn:schemas-microsoft-com:asm.v3">
    <assemblyIdentity
        version="1.0.0.0"
        processorArchitecture="*"
        name="ElevationAware"
        type="*"
    />
    <description>Тестовое приложение с повышением привилегий</description>

 
    <compatibility xmlns="urn:schemas-microsoft-com:compatibility.v1">
      <application>
          <supportedOS Id="{e2011457-1546-43c5-a5fe-008deee3d3f0}"/>
          <supportedOS Id="{35138b9a-5d96-4fbd-8e2d-a2440225f93a}"/>
		  <supportedOS Id="{4a2f28e3-53b9-4441-ba9c-d69d4a4a6e38}"/>
      </application>
    </compatibility>
 
    <trustInfo xmlns="urn:schemas-microsoft-com:asm.v2">
      <security>
        <requestedPrivileges>
          <requestedExecutionLevel
            level="asInvoker"/>
          </requestedPrivileges>
         </security>
    </trustInfo>
 
    <asmv3:application>
      <asmv3:windowsSettings xmlns="http://schemas.microsoft.com/SMI/2005/WindowsSettings">
        <dpiAware>true</dpiAware>
      </asmv3:windowsSettings>
    </asmv3:application>
 
  </assembly>
 

